8,1,18,0,16,15,42,0
14,1,29,0,7,36,60,0
4,2,5,0,6,6,13,0
3,2,6,0,2,6,12,0
5,4,4,0,1,6,12,0
33,3,33,0,4,91,78,0
21,1,17,0,2,105,57,0
3,2,8,0,4,1,16,0
20,1,56,0,10,3,95,0
3,1,3,0,3,3,10,0
16,1,19,0,7,120,53,0
57,1,90,0,5,153,211,0
15,1,23,0,3,28,56,0
2,2,5,0,1,1,6,0
8,1,15,0,2,15,40,0
6,2,17,0,7,1,26,0
10,1,32,0,4,21,38,0
8,1,16,0,8,6,81,0
14,2,23,5,7,6,50,0
1,3,2,0,5,0,3,0
1,1,2,1,1,1,2,0
53,2,91,0,13,120,214,0
30,1,64,0,20,28,115,0
15,1,23,0,11,28,57,0
18,1,59,0,11,91,83,0
16,2,53,0,8,6,84,0
6,1,8,0,2,10,19,0
2,2,2,0,1,1,6,0
7,4,8,0,4,15,23,0
23,1,45,0,1,105,122,0
16,2,36,4,6,15,91,1
5,1,12,0,2,0,48,0
2,1,9,0,4,1,14,0
1,1,2,0,0,0,3,0
5,1,10,0,2,1,36,0
30,2,40,0,12,15,115,0
16,2,52,0,12,21,109,0
4,1,3,0,1,1,9,0
1,1,8,0,3,0,6,0
3,2,5,0,2,6,9,0
28,1,84,0,29,105,146,1
32,1,98,0,11,136,483,0
13,1,34,0,8,28,89,0
2,2,7,0,2,3,12,0
1,1,2,0,0,0,3,0
9,2,46,0,9,21,69,0
139,1,185,0,7,15,373,1
6,2,11,0,1,1,26,0
33,1,56,0,15,105,313,0
2,1,22,0,6,1,57,0
5,1,4,0,3,1,15,0
60,2,150,0,23,91,303,1
5,2,16,0,5,3,27,0
1,3,1,0,1,0,3,0
10,1,22,0,3,36,46,0
18,1,18,1,6,21,72,0
32,1,44,0,6,28,89,1
4,1,12,0,8,1,27,0
8,2,27,0,8,3,33,0
92,3,124,4,120,2485,294,0
10,1,33,0,11,15,138,1
11,1,13,0,1,6,58,0
7,1,18,0,5,15,46,0
69,1,119,0,13,105,313,1
8,1,31,0,4,6,122,0
6,1,8,0,3,15,19,0
7,3,7,0,5,3,19,0
2,1,3,0,2,1,9,0
89,1,206,0,34,703,464,1
1,1,1,0,0,0,3,0
11,1,26,1,8,10,56,0
10,1,2,0,1,0,11,0
6,1,8,0,2,3,24,0
3,1,3,0,1,1,9,0
14,1,30,2,13,45,49,0
33,3,70,0,11,36,137,0
48,1,25,0,3,36,157,0
33,1,77,0,19,190,257,0
18,3,17,0,2,28,49,0
14,1,30,0,11,10,58,0
222,2,851,0,65,780,1090,0
4,1,11,0,2,1,19,0
7,4,7,0,22,21,21,0
12,1,37,0,12,21,70,0
9,2,23,2,10,28,47,0
3,1,23,0,11,3,60,0
3,1,4,0,2,3,10,0
25,1,43,0,3,55,124,0
1,1,2,0,0,0,3,0
3,2,5,0,2,6,9,0
4,2,21,0,4,1,54,0
11,1,32,2,4,21,50,0
8,2,12,0,5,28,29,0
4,1,9,0,2,0,17,0
3,2,5,0,1,6,9,0
12,1,12,0,3,66,35,0
8,1,14,0,2,21,38,0
2,2,7,0,3,1,12,0
5,1,14,0,4,10,27,0
7,4,10,0,5,10,26,1
41,1,79,0,9,10,201,0
8,2,12,0,2,3,64,0
13,1,15,2,52,36,45,0
3,2,9,0,2,0,13,0
14,1,12,0,1,15,45,0
0,1,6,4,7,15,0,0
1,2,2,0,0,0,5,0
2,1,3,0,2,1,9,0
6,2,13,3,4,6,37,0
1,3,3,0,1,0,3,0
6,1,7,0,0,10,37,0
71,1,147,6,26,351,270,1
16,1,34,0,6,15,75,0
4,1,10,0,7,1,68,1
27,1,24,0,8,21,76,1
6,3,22,0,7,6,39,1
32,1,28,0,4,66,70,0
12,1,27,0,6,10,89,0
14,1,17,0,4,6,49,0
6,1,12,0,3,6,29,0
8,1,24,1,9,10,55,0
68,1,121,0,10,406,556,0
2,1,8,1,3,1,8,0
3,2,4,0,3,1,9,0
8,1,14,0,7,3,30,0
4,1,12,0,5,3,20,0
7,1,13,3,7,36,22,0
1,1,5,0,1,1,3,0
2,1,2,0,2,1,6,0
24,1,119,0,49,45,194,1
4,2,5,0,1,6,12,0
10,1,10,0,0,45,30,0
11,1,41,0,15,45,107,0
45,1,80,0,16,91,159,1
2,1,3,0,2,1,9,1
10,2,12,0,5,21,29,0
93,2,255,0,36,435,457,0
7,4,14,2,5,36,24,0
8,1,23,1,15,6,41,0
16,3,28,0,9,6,66,0
9,1,14,0,2,28,29,0
10,1,19,0,5,6,41,0
3,5,3,0,3,3,9,0
5,1,8,0,2,10,15,0
2,1,2,0,1,1,6,0
14,1,44,0,19,10,86,0
26,1,29,1,8,325,83,0
166,2,159,0,10,1035,288,0
2,1,7,0,2,1,26,0
6,2,18,0,7,0,41,0
11,1,15,0,112,55,41,0
17,1,47,0,8,28,92,0
4,2,5,0,2,6,12,0
25,3,32,0,7,15,88,0
4,2,23,0,4,6,40,0
3,2,11,0,4,3,31,0
18,3,61,0,44,66,120,1
21,1,37,0,11,15,77,0
21,1,19,7,20,45,60,0
4,1,6,0,1,3,16,0
2,1,3,0,1,1,6,0
40,1,81,0,5,153,166,0
0,1,2,1,2,1,0,0
6,1,6,0,3,1,9,0
3,2,8,0,1,1,26,0
9,1,26,3,7,21,61,0
3,2,5,0,2,6,9,0
21,1,51,0,7,55,149,0
24,1,30,0,4,28,102,0
13,2,31,0,6,6,56,1
6,1,16,0,110,15,18,0
11,2,36,0,22,36,74,0
3,2,5,0,2,6,9,0
25,1,21,0,5,10,68,1
2,1,12,0,7,1,27,0
10,2,14,0,5,28,43,0
1,1,2,0,0,0,3,0
12,1,14,1,2,15,47,0
14,1,14,0,10,66,45,0
4,4,5,0,4,6,14,0
4,2,5,1,3,6,13,0
22,1,53,0,7,66,157,0
0,1,1,0,1,0,0,0
2,1,3,0,2,1,6,0
3,1,13,0,6,1,44,0
4,1,5,0,6,6,13,0
8,1,19,0,8,6,37,1
4,2,9,0,1,10,12,0
2,2,2,0,1,0,5,0
5,1,11,0,1,10,53,0
9,1,19,0,4,10,65,0
106,2,271,1,15,861,407,0
6,1,7,0,1,15,19,0
19,2,40,0,1,171,92,0
4,1,10,0,1,6,15,0
5,1,22,0,6,6,78,0
15,1,29,0,13,28,51,0
14,1,31,0,9,66,112,0
5,4,6,0,3,10,15,0
14,2,21,0,4,15,187,1
6,2,16,5,8,3,29,0
6,2,21,0,4,3,60,0
4,1,8,0,2,6,18,0
20,1,83,0,16,78,144,0
7,1,9,0,2,15,20,0
75,2,196,0,14,66,223,1
2,2,7,0,3,1,9,0
87,1,191,0,35,990,480,0
12,1,30,0,11,15,56,1
66,2,175,0,33,351,400,1
3,1,13,0,7,3,17,0
3,2,26,0,4,10,19,0
34,2,59,0,9,45,188,0
9,1,37,1,12,6,59,0
8,1,25,0,3,15,36,0
0,1,0,0,0,0,0,0
1,3,3,0,2,1,3,0
28,2,98,0,13,66,225,1
1,1,2,0,0,0,3,0
2,1,3,0,0,3,6,0
21,3,42,0,10,15,72,0
6,1,12,0,3,6,26,0
2,1,3,0,3,1,9,1
7,2,15,0,7,15,25,0
23,1,48,0,27,91,81,0
11,1,15,13,6,10,36,0
22,2,47,0,10,66,117,1
27,2,94,0,13,105,160,0
1,1,2,0,0,0,3,0
8,1,17,0,4,6,43,0
3,2,5,0,1,6,9,0
21,1,71,0,8,28,213,0
11,2,23,0,4,36,43,0
11,1,25,0,15,28,41,1
10,1,45,0,14,6,78,0
16,1,40,0,6,21,114,0
5,2,8,0,1,3,17,0
27,1,46,0,10,21,91,0
3,2,5,0,2,6,12,0
36,2,104,0,23,55,214,1
1,1,1,0,0,0,4,0
12,2,12,0,1,21,40,0
15,3,38,0,9,10,51,0
11,1,25,0,11,6,57,0
8,1,11,0,16,21,27,0
9,1,23,0,7,21,34,0
1,1,2,0,0,0,3,0
30,2,100,0,22,28,152,1
33,1,49,2,26,91,87,0
17,1,27,0,6,6,65,0
101,1,135,0,28,325,602,0
9,2,7,0,2,6,20,0
13,1,24,0,9,6,77,1
18,1,58,0,17,55,226,0
7,3,7,0,4,3,19,0
3,1,14,0,4,1,21,0
2,2,14,0,6,3,21,0
106,1,190,0,231,1770,336,1
1,2,1,0,0,0,3,0
9,1,9,0,3,15,30,0
12,1,10,3,3,21,40,0
130,1,248,0,21,66,523,1
1,2,2,0,2,0,3,0
2,1,4,0,2,0,12,0
7,1,7,0,2,21,26,0
16,1,16,0,11,91,51,0
8,1,16,0,10,10,25,1
5,1,13,0,3,15,24,0
8,1,12,0,2,1,24,0
7,3,9,0,1,15,43,0
7,1,11,0,0,15,41,0
4,1,9,0,3,3,24,0
30,1,122,0,22,210,301,1
35,1,44,0,7,21,96,0
2,1,6,0,5,1,8,0
15,1,19,4,7,15,41,0
13,1,12,0,3,3,42,0
5,2,3,0,1,0,14,0
84,1,142,0,15,120,456,0
9,1,16,0,2,15,32,0
32,1,81,0,10,253,130,0
3,1,7,0,2,1,11,0
3,1,4,0,1,3,9,0
4,2,5,0,6,10,12,0
17,1,20,0,10,153,52,0
17,2,62,0,15,36,189,0
13,1,32,0,14,3,64,0
14,1,25,1,7,6,50,0
3,1,6,0,1,3,10,0
4,1,7,0,1,0,14,1
1,2,3,0,2,1,3,0
28,2,67,0,12,36,124,1
49,1,67,0,13,136,153,0
2,1,2,0,2,1,6,0
1,1,1,0,0,0,4,0
9,2,15,1,6,15,25,0
1,1,3,0,2,0,3,0
15,1,33,4,6,28,74,0
0,1,0,0,0,0,0,0
5,2,6,0,4,3,17,0
13,3,20,0,8,6,42,0
1,1,2,0,0,0,3,0
7,1,8,0,1,3,23,0
10,1,24,0,2,36,111,0
21,1,91,0,10,45,152,0
13,1,26,0,12,45,51,0
2,1,3,0,2,1,9,0
9,2,16,0,6,15,26,0
2,2,2,0,0,1,6,0
34,1,129,0,11,45,307,0
39,1,106,0,28,435,194,0
5,1,9,2,3,1,21,0
20,1,28,0,10,21,70,0
5,2,11,37,44,21,15,0
7,1,12,0,2,15,40,0
1,1,1,0,0,0,2,0
108,1,259,0,40,105,461,1
42,3,97,0,20,91,199,1
1,2,1,0,3,0,3,0
4,2,6,0,4,1,9,0
10,1,21,0,10,21,39,0
3,2,3,2,3,3,10,0
6,1,7,0,3,1,32,0
1,1,2,0,0,0,3,0
2,3,11,1,4,1,9,0
85,2,230,0,47,406,417,0
11,1,14,0,0,21,31,1
1,2,1,0,0,0,3,0
8,1,2,0,1,1,17,0
2,1,3,0,3,1,9,1
2,1,3,1,1,3,6,0
136,2,398,0,1,946,1831,0
4,2,8,0,1,0,13,1
2,1,2,0,2,1,7,0
9,2,18,1,5,21,44,0
4,1,6,0,6,10,12,0
3,1,3,0,2,3,10,0
8,3,33,0,15,10,61,1
175,3,369,2,34,1770,611,1
7,3,20,0,10,3,32,0
1,1,2,0,0,0,3,0
2,1,12,0,8,1,16,0
2,1,25,0,10,0,32,0
6,1,15,0,7,3,28,1
4,1,7,0,0,6,9,0
15,1,35,0,13,15,62,0
12,1,19,0,7,15,44,0
2,1,11,1,7,21,6,0
11,3,10,0,1,15,38,0
2,1,3,0,2,1,9,0
6,1,9,0,2,3,22,0
14,1,14,0,2,91,41,0
1,3,1,1,1,0,3,0
8,1,32,0,5,21,42,0
2,2,1,0,1,0,3,0
22,1,37,3,17,66,76,0
12,1,26,0,4,1,55,0
29,2,99,0,17,55,225,1
18,1,36,0,2,120,132,0
6,2,15,0,4,1,23,0
3,2,5,0,2,6,9,0
22,1,23,0,3,15,100,0
22,2,46,0,11,28,98,0
3,2,5,0,2,6,10,0
2,2,5,0,4,1,8,0
147,3,330,6,30,2485,1144,0
3,2,5,0,2,6,9,0
7,1,8,0,4,21,23,0
1,1,4,0,1,0,9,0
3,2,4,0,1,3,9,0
8,3,17,0,9,6,20,0
8,2,16,0,3,3,20,0
20,3,38,0,8,36,74,0
4,1,5,0,1,6,11,0
74,2,167,0,26,703,308,0
117,2,344,0,43,1275,707,1
11,1,11,8,31,55,36,0
2,1,3,0,3,1,6,0
8,3,20,0,6,6,33,0
11,1,17,0,3,28,39,0
4,2,9,0,3,6,14,1
1,1,2,0,0,0,3,0
41,1,65,0,7,435,148,0
11,1,8,2,2,15,37,0
14,1,42,0,18,10,104,0
29,2,68,0,19,105,117,0
21,1,51,0,15,36,129,0
9,1,8,0,2,6,33,0
67,1,58,0,2,231,125,0
10,3,19,0,9,6,31,0
2,2,3,0,1,1,6,0
18,2,17,8,14,28,49,0
4,1,8,5,0,28,15,0
49,1,49,0,1,325,125,0
1,1,2,0,0,0,3,0
1,3,4,0,3,1,3,0
23,3,56,0,28,153,103,0
12,1,12,0,14,66,35,0
2,1,6,1,0,15,6,0
24,2,42,0,9,36,77,0
1,1,2,0,1,0,8,0
0,1,7,9,11,21,0,0
3,1,4,0,1,3,11,0
12,1,27,0,2,3,50,0
34,3,63,0,11,231,131,0
51,1,147,0,74,300,274,0
4,1,2,0,2,1,3,0
4,1,17,0,4,0,33,0
8,1,13,0,4,1,23,0
7,1,7,0,1,10,25,0
21,1,5,0,0,1,40,0
2,1,5,0,0,3,8,0
22,1,54,0,6,91,102,0
16,1,41,1,8,105,144,1
8,1,31,0,7,10,58,0
10,1,13,4,4,45,32,0
1,1,2,0,0,0,3,0
5,1,12,0,4,10,16,0
10,1,34,0,5,6,98,0
18,2,44,0,14,66,63,0
37,1,93,0,20,66,207,0
2,1,13,0,2,1,43,0
7,2,17,0,5,21,26,0
31,1,48,0,4,210,132,1
3,2,18,0,11,1,39,0
3,1,9,0,3,1,15,0
16,3,32,0,8,6,65,0
15,2,27,0,6,10,64,0
7,2,21,0,3,15,35,0
15,1,24,0,4,45,54,0
83,2,123,0,1,861,255,0
15,1,27,0,6,6,55,0
3,1,4,0,5,3,12,0
1,2,1,0,0,0,3,1
4,1,19,1,6,6,22,0
4,1,5,0,0,10,12,0
9,1,26,0,7,21,30,0
5,1,8,0,1,10,19,0
3,1,14,0,7,3,29,0
4,1,11,0,2,0,21,0
6,2,10,1,3,15,22,0
24,1,41,15,28,171,88,1
1,1,2,0,0,0,3,0
6,1,11,0,5,6,20,0
41,1,78,0,12,171,154,0
123,3,203,0,16,780,452,1
12,1,5,0,1,6,56,0
42,1,75,0,15,136,419,0
1,2,1,1,0,0,3,0
7,1,16,0,3,1,36,0
27,2,69,0,6,153,179,1
12,1,16,0,1,6,38,0
2,1,3,0,5,1,9,0
6,2,8,0,2,6,18,0
1,1,6,49,3,6,7,0
5,1,12,0,2,6,20,1
13,2,66,0,9,3,120,0
1,1,2,0,0,0,3,0
7,1,15,0,4,10,27,0
18,2,39,0,8,10,83,1
1,1,1,0,1,0,3,0
31,1,56,0,2,66,114,0
18,2,15,0,2,36,51,0
3,2,3,0,6,3,12,0
7,2,7,0,5,21,24,0
44,2,169,0,26,153,350,1
19,3,26,0,9,15,74,0
1,1,2,0,0,0,3,0
5,2,10,0,2,6,23,0
94,1,368,0,32,276,569,1
2,2,3,0,3,3,6,0
17,1,12,0,2,66,46,0
4,2,8,0,2,1,27,0
39,1,46,0,12,300,118,0
28,1,27,0,5,45,65,0
23,2,25,0,6,253,73,1
12,2,24,0,5,21,43,0
4,1,11,0,2,6,44,0
31,2,60,0,9,253,101,0
4,1,5,0,1,1,81,0
6,2,10,1,4,15,23,0
52,1,135,0,13,561,206,0
34,2,93,0,20,171,295,0
8,1,20,0,6,21,64,0
13,1,12,0,5,21,40,0
12,1,12,0,3,66,36,0
45,1,128,0,31,45,213,1
3,2,5,0,2,0,7,0
6,1,25,0,9,0,34,0
1,1,2,0,0,0,3,0
24,2,22,0,6,15,79,0
6,1,10,0,2,15,19,0
4,2,10,0,4,3,16,0
10,1,20,0,15,10,27,0
1,1,2,0,0,0,3,0
33,2,91,2,13,153,224,1
1,1,2,0,0,0,3,0
32,2,49,0,10,66,147,0
5,1,12,0,4,1,31,1
2,1,4,0,0,1,29,0
14,2,45,0,12,10,70,0
7,1,13,0,5,21,26,0
16,1,13,5,4,6,40,0
6,1,9,3,1,21,24,0
3,2,5,0,2,6,9,0
2,1,3,0,2,1,9,0
1,1,2,0,0,0,3,0
2,1,6,4,0,1,13,0
3,1,5,0,1,0,10,0
61,1,133,1,50,1225,197,0
7,1,8,0,8,21,27,0
13,1,44,1,17,10,132,0
12,2,12,0,1,21,40,0
13,1,15,0,6,6,47,0
54,1,84,1,33,435,209,1
15,1,29,0,2,15,78,0
10,1,36,0,13,21,61,1
0,1,2,3,2,1,0,0
5,2,25,0,7,10,33,0
2,1,3,0,4,1,9,1
11,2,27,0,9,28,54,0
98,3,169,2,21,496,412,1
2,1,3,0,3,1,9,0
7,1,8,0,1,1,18,0
3,1,9,0,5,6,9,0
1,1,2,0,0,0,8,0
19,1,22,0,5,1,37,0
16,1,51,0,10,91,134,1
2,1,3,0,5,1,9,1
4,1,6,0,1,6,15,0
29,1,38,0,12,10,90,0
30,1,31,0,6,351,99,0
6,1,20,0,5,15,24,0
3,2,2,0,1,0,5,0
0,1,4,1,2,6,0,0
30,1,60,0,16,45,127,0
81,1,182,1,4,66,555,0
24,4,86,0,11,91,265,0
3,2,5,0,2,6,9,0
9,2,10,0,2,21,27,0
56,2,105,0,8,66,258,0
1,1,2,0,0,0,3,1
14,1,24,0,1,6,54,0
6,1,7,0,3,6,19,1
4,2,17,0,5,1,49,0
22,1,37,0,11,15,67,1
0,1,4,4,7,6,0,0
13,1,20,0,6,15,55,0
25,1,22,0,3,45,59,0
6,2,9,0,5,6,18,0
27,1,28,0,6,21,105,0
7,1,19,0,3,6,34,0
199,1,470,0,97,2211,1115,1
26,1,53,0,10,36,91,0
13,2,23,0,4,78,47,0
6,1,10,0,4,1,16,0
7,1,32,0,4,6,73,1
2,1,3,0,2,1,9,1
21,2,22,2,7,21,64,0
7,2,16,0,1,1,40,0
3,2,5,0,2,6,9,0
5,3,21,0,10,6,46,1
0,1,1,4,1,0,0,0
3,2,5,0,2,6,9,0
11,1,18,0,6,55,35,0
8,1,19,0,3,6,35,0
4,1,8,0,1,0,36,0
0,1,0,0,0,0,0,0
19,1,31,4,8,91,63,0
2,2,3,0,1,1,6,0
3,2,4,0,3,3,9,0
9,1,25,0,8,21,87,0
2,1,3,1,1,3,5,0
3,2,5,0,2,6,9,0
6,1,7,0,3,15,19,0
2,1,3,0,1,1,11,0
10,1,68,0,12,36,134,1
28,1,59,0,19,28,117,1
7,3,12,3,5,21,23,0
2,2,1,0,0,0,3,0
1,2,2,0,0,0,3,0
3,1,8,0,1,0,20,0
9,5,17,0,4,15,36,0
2,1,3,0,3,1,6,0
1,1,2,0,0,0,3,0
1,2,4,0,2,0,3,0
10,1,14,0,5,45,39,0
41,1,78,3,14,171,154,1
26,1,60,0,29,91,108,0
4,1,8,0,1,6,18,1
22,2,31,0,5,78,66,0
1,1,1,5,6,0,3,0
9,3,9,0,4,6,34,0
7,4,5,0,2,6,23,0
9,1,27,0,7,6,75,0
2,1,3,0,2,1,9,1
1,1,1,0,0,0,3,0
1,3,1,3,0,0,3,0
0,2,0,0,0,0,0,0
12,2,29,0,7,21,50,1
14,2,27,0,4,21,67,1
86,4,144,0,12,1891,303,0
4,1,6,0,1,6,13,1
4,1,4,0,2,6,14,0
3,1,8,0,8,0,12,0
8,1,21,0,6,3,37,0
22,1,39,0,3,36,104,0
14,1,41,0,10,15,89,1
3,2,4,0,4,3,9,0
1,1,1,0,0,0,3,0
1,1,2,0,0,0,3,0
7,1,9,0,2,21,22,0
2,2,34,1,11,0,71,1
9,1,14,0,4,6,21,0
17,2,24,0,8,55,55,0
1,1,2,0,1,0,4,0
5,1,8,0,3,1,18,0
22,3,45,0,11,136,110,0
21,1,66,0,11,45,263,0
11,2,22,0,6,36,46,1
1,1,2,0,0,0,3,0
16,1,16,0,1,15,51,0
16,3,52,0,8,21,77,0
19,1,17,0,4,21,61,0
2,1,4,0,1,1,8,0
1,1,2,0,1,0,6,0
3,2,5,0,1,6,9,0
25,1,54,0,7,78,101,1
40,2,75,0,6,21,120,0
15,1,29,0,3,28,90,0
29,1,18,0,2,21,54,0
36,2,71,1,17,190,172,0
4,1,6,0,1,6,15,0
0,1,0,0,0,0,0,0
0,1,1,0,1,0,0,0
13,3,27,0,9,6,57,1
2,1,22,0,11,0,42,0
111,1,302,0,56,1540,560,0
0,1,1,2,1,0,0,0
4,1,8,0,4,1,18,0
1,1,2,0,0,0,3,0
4,1,8,0,2,1,21,0
7,1,16,0,4,15,36,0
3,2,5,0,2,6,9,1
1,2,1,0,3,0,3,0
29,1,29,0,1,55,105,0
8,1,19,0,3,6,37,0
14,2,23,0,11,55,47,0
4,1,10,0,3,3,31,0
5,1,10,0,6,0,20,0
18,1,44,2,16,45,123,0
17,2,71,0,22,10,106,0
5,2,18,1,10,6,19,1
7,1,5,10,0,3,12,1
90,3,116,0,8,741,427,0
38,2,51,0,15,666,146,0
5,1,8,0,5,6,17,0
4,4,4,0,1,6,12,0
16,2,17,0,4,136,48,0
1,1,2,0,0,0,3,0
7,1,11,0,4,3,30,0
11,1,22,0,7,6,40,0
2,2,5,0,4,1,8,0
24,2,35,0,9,10,92,0
24,1,43,0,6,55,79,0
17,1,40,0,17,55,84,0
1,1,2,0,0,0,3,0
3,1,5,0,3,1,9,0
21,1,45,0,5,36,92,0
11,1,24,0,8,10,49,1
9,1,25,0,3,21,55,0
2,2,5,0,3,1,8,0
20,1,22,0,8,91,64,0
1,1,2,0,0,0,3,0
9,1,22,1,3,45,39,0
2,3,4,0,3,1,6,0
4,1,6,0,1,3,16,0
11,3,20,0,9,6,39,0
6,1,11,0,1,15,79,0
1,3,2,0,1,0,3,0
22,1,36,0,7,66,106,0
3,4,6,0,1,1,13,0
24,1,26,1,21,210,75,0
1,1,2,0,0,0,3,0
10,1,28,0,7,28,41,0
16,1,68,0,6,55,326,0
38,1,12,0,1,55,33,0
10,2,17,0,9,10,37,0
4,1,5,0,1,0,13,0
31,1,77,0,15,66,164,1
4,1,11,0,1,0,33,0
1,2,1,0,3,0,3,0
10,1,20,0,3,36,32,0
9,1,11,0,0,10,32,0
2,1,6,0,2,1,11,0
0,1,5,1,5,10,0,0
2,1,4,0,2,1,8,0
27,1,37,0,7,78,114,1
25,1,55,0,11,21,105,0
6,1,6,0,12,15,17,0
3,2,5,0,2,6,9,0
2,1,3,0,3,1,7,0
6,1,14,0,2,15,18,0
40,1,75,0,20,15,173,0
53,1,59,0,18,21,164,0
10,1,17,0,1,21,53,0
37,2,74,0,18,210,152,1
22,2,51,11,32,78,87,0
17,2,34,0,7,45,80,0
37,1,42,0,7,36,192,0
3,1,9,0,2,1,11,0
8,1,11,0,1,6,19,0
9,2,29,0,7,10,66,0
0,1,4,1,3,6,0,0
22,1,35,0,4,66,116,0
32,2,29,0,2,66,70,0
76,2,84,0,9,630,186,0
7,1,26,0,6,6,98,0
2,1,10,0,3,1,15,0
28,1,53,15,40,253,84,0
10,1,32,0,3,36,81,0
2,1,2,0,2,1,6,0
2,2,7,0,4,3,14,0
20,1,30,0,13,78,149,0
14,1,65,2,14,66,190,0
13,1,39,0,4,55,115,0
127,2,381,4,79,1711,829,1
0,1,1,1,3,0,0,0
6,1,6,19,2,10,16,0
5,1,25,0,7,6,99,0
2,1,3,0,3,1,9,1
2,1,9,0,2,3,21,0
4,1,8,7,2,28,12,0
4,1,11,0,0,6,38,0
16,1,26,0,15,28,55,0
5,3,17,0,9,3,31,0
3,2,5,0,2,6,9,0
10,1,11,0,2,10,26,0
18,2,86,0,5,28,129,0
13,1,43,1,7,21,169,0
1,1,1,0,2,0,3,0
46,2,129,0,15,210,227,0
1,3,1,0,0,0,3,0
1,2,1,1,0,0,3,0
5,1,12,0,2,3,43,0
1,3,1,0,1,0,3,0
4,2,8,0,3,6,13,0
17,1,26,1,6,28,54,0
1,3,3,0,1,0,3,0
8,1,13,0,1,10,34,0
3,2,7,0,4,1,12,0
2,1,3,0,2,3,4,0
23,3,64,0,9,78,164,0
11,1,28,0,229,10,39,0
7,2,23,0,3,21,57,0
4,1,6,0,1,6,13,0
23,4,93,0,13,45,292,0
32,1,41,1,3,325,109,0
13,2,33,0,5,10,71,0
8,3,20,0,5,6,40,0
18,2,17,0,2,28,49,0
9,1,21,0,4,6,68,0
27,2,53,0,7,10,96,0
8,1,11,0,1,6,29,0
43,1,49,0,5,91,205,0
7,1,19,0,9,21,20,0
1,2,1,0,0,0,3,1
24,1,28,0,17,78,77,0
21,2,22,0,6,28,55,0
5,1,10,0,2,6,21,1
4,1,10,0,0,15,18,0
21,1,59,0,15,21,71,0
8,1,18,0,5,6,34,0
1,1,2,0,0,0,3,0
20,2,21,4,12,36,51,0
12,1,33,0,9,21,64,0
10,1,7,0,5,3,18,0
9,1,27,0,3,21,71,0
15,1,12,0,1,21,47,0
2,3,4,0,3,1,6,0
30,1,103,0,16,105,173,0
1,3,2,0,1,0,3,0
1,1,1,0,0,0,3,0
1,2,1,0,3,0,3,0
5,2,8,0,7,6,15,0
8,1,18,0,4,10,34,1
6,2,27,0,7,10,42,0
4,1,8,0,3,1,20,0
0,1,0,0,0,0,0,0
0,1,1,2,1,0,0,0
35,2,66,3,18,78,140,1
1,1,2,0,0,0,3,1
26,1,54,0,53,36,121,1
7,1,8,0,0,1,95,0
116,1,293,6,25,1176,569,0
57,1,132,0,53,105,253,0
37,1,94,0,13,210,316,0
32,1,85,0,8,105,164,0
4,1,11,0,1,3,18,0
32,1,97,0,6,21,184,0
26,2,47,6,80,153,87,0
14,1,19,0,1,21,46,0
8,1,8,17,1,28,16,0
3,1,6,0,2,1,15,0
2,1,2,0,0,1,7,0
5,1,14,1,4,10,24,0
11,1,25,3,6,21,47,0
12,2,12,0,1,21,40,0
3,1,11,0,2,0,85,0
1,3,3,0,1,0,3,0
3,3,25,0,6,6,12,0
9,1,42,0,8,10,77,1
29,1,34,0,4,6,106,0
18,1,32,0,2,6,105,0
5,1,13,0,7,3,22,0
18,1,39,0,11,153,77,0
3,1,13,0,7,3,16,0
8,1,11,0,1,6,28,0
2,1,2,0,1,1,3,0
41,1,146,0,17,55,293,1
11,1,27,0,11,10,55,0
120,1,292,0,30,861,462,1
4,3,7,0,4,3,10,0
140,1,299,0,152,903,672,1
2,1,4,0,1,1,11,0
21,1,51,0,9,28,96,0
31,1,73,0,12,78,448,0
1,1,2,0,0,0,3,0
4,2,5,0,3,6,13,0
5,1,10,0,3,3,16,0
1,1,2,0,0,0,3,1
7,1,10,0,3,21,22,0
14,1,32,0,6,15,72,1
13,1,25,0,7,6,116,0
15,1,28,0,7,45,54,0
5,1,5,0,3,6,13,0
173,1,530,0,64,1830,989,1
13,2,26,1,3,45,53,0
5,3,18,0,9,3,35,0
4,1,14,0,3,1,32,1
1,1,2,0,0,0,3,0
4,1,13,2,7,45,14,0
10,1,24,0,8,21,46,0
10,1,15,0,3,36,27,0
23,2,44,0,16,55,101,1
7,3,35,0,28,21,74,1
1,2,1,0,1,0,3,0
66,2,76,0,14,561,171,0
28,1,18,0,2,21,54,0
24,2,28,1,4,45,78,0
1,1,5,0,2,0,5,0
28,1,27,0,5,45,65,0
13,1,21,0,4,36,52,0
26,1,39,0,13,55,89,0
6,1,10,5,4,1,26,0
19,1,48,0,10,36,104,0
124,2,219,0,44,946,452,1
2,1,1,0,0,0,6,0
15,1,32,0,11,45,65,0
2,1,2,0,1,1,6,0
10,1,28,0,13,6,45,0
3,2,4,0,1,3,9,0
0,1,0,0,0,0,0,0
3,1,14,0,3,0,60,0
2,1,2,1,0,1,4,0
45,2,67,0,10,990,164,0
7,1,7,0,3,21,20,0
7,1,25,0,7,10,45,0
24,2,53,0,13,15,201,1
39,1,51,0,13,325,114,0
8,1,18,0,3,21,30,0
61,1,158,0,15,66,252,1
13,1,26,0,13,10,49,0
5,1,5,0,7,10,14,0
9,1,62,0,8,10,83,0
7,1,14,1,2,21,33,0
13,1,47,1,15,10,85,1
4,1,12,0,5,6,41,1
1,1,1,1,0,0,3,0
10,1,21,0,3,3,47,0
13,1,38,0,3,28,149,0
10,1,32,0,11,28,50,0
13,1,47,0,8,15,111,0
1,2,1,0,2,0,2,0
28,2,103,0,19,91,167,0
1,2,3,0,1,1,3,0
4,1,5,0,5,6,14,0
106,1,211,0,15,300,510,0
5,2,11,0,6,1,16,0
0,1,0,0,0,0,0,0
15,2,30,0,5,36,55,0
31,1,64,0,23,105,110,0
10,2,11,0,4,55,30,0
8,1,18,0,8,3,28,0
4,1,7,0,4,1,19,1
8,2,33,0,12,28,40,0
4,1,11,0,2,3,14,0
27,2,40,0,9,3,112,1
10,1,31,0,10,3,45,0
10,1,49,0,14,10,125,0
19,1,28,0,12,3,75,0
42,2,37,2,4,78,147,0
5,2,9,0,4,3,17,0
115,1,284,0,43,1128,551,0
11,3,24,0,11,6,40,0
15,1,27,0,4,55,69,0
26,1,43,0,6,55,161,0
1,1,8,0,2,0,14,0
3,1,9,0,3,3,39,0
4,1,10,0,4,3,38,0
14,1,19,0,10,36,47,0
3,2,22,0,13,3,50,0
126,2,347,0,36,231,553,0
9,1,14,0,5,3,28,0
12,2,42,0,8,28,105,1
1,1,1,0,0,0,2,0
0,1,3,2,1,3,0,0
4,1,14,0,3,1,53,0
38,2,73,0,17,136,131,0
35,1,33,0,6,66,76,0
14,1,17,0,3,15,98,0
7,2,14,1,6,3,25,0
71,2,77,0,13,496,168,0
21,1,54,1,7,55,103,0
3,1,4,0,1,6,9,0
13,1,17,0,4,21,61,0
2,1,6,0,1,1,9,0
66,1,167,0,43,351,415,0
29,1,71,0,21,36,263,1
11,1,18,0,2,36,41,0
21,1,48,0,10,78,116,0
53,1,111,0,11,153,193,0
11,1,12,0,5,66,33,0
1,1,5,0,1,0,8,0
3,2,5,0,2,6,9,0
1,1,2,0,0,0,3,1
20,2,32,0,10,105,65,0
7,1,19,0,8,1,32,0
9,1,22,0,3,15,81,0
19,1,26,7,29,231,57,0
70,3,91,0,9,78,221,0
1,1,3,1,8,1,3,0
23,2,39,0,6,66,193,0
12,1,13,0,7,45,39,0
1,2,1,0,1,0,2,0
7,1,15,0,5,21,23,0
4,1,28,0,7,1,64,0
2,1,3,0,2,1,6,0
6,4,5,0,17,6,20,0
16,1,39,0,10,45,70,0
3,2,5,0,2,6,9,0
11,1,18,2,4,6,59,1
9,1,12,0,0,15,64,0
159,3,475,0,32,253,1346,1
11,1,27,0,14,10,53,0
106,1,309,0,42,946,681,1
14,1,28,0,7,15,54,1
13,2,39,0,5,36,87,0
1,2,5,0,3,1,4,0
4,1,6,1,2,15,16,0
0,1,0,0,0,0,0,0
5,1,18,0,8,3,24,0
1,2,1,0,0,0,3,0
3,2,7,0,5,1,10,0
26,2,68,0,7,10,102,0
12,2,32,0,14,10,60,0
40,3,98,0,7,780,139,0
2,2,3,0,2,3,6,0
9,1,10,0,2,1,62,0
5,2,4,0,2,0,20,0
31,1,22,0,7,3,132,0
1,1,2,0,0,0,3,0
25,1,59,0,9,190,246,0
10,1,28,0,7,6,57,1
16,1,16,0,9,91,51,0
9,2,21,0,6,10,29,0
29,1,67,0,12,55,126,0
0,1,1,0,1,0,0,0
5,1,5,5,2,10,16,0
4,1,23,8,88,153,12,1
10,1,25,0,7,15,39,0
29,3,63,0,11,28,110,0
4,3,7,0,2,3,15,0
22,3,74,1,12,36,166,1
5,2,11,0,2,6,14,0
3,1,20,4,14,1,85,1
23,1,24,0,6,210,68,0
22,2,50,0,13,28,90,0
6,1,30,0,9,1,47,0
4,1,37,0,16,3,96,0
29,1,60,0,12,120,136,0
36,1,117,0,26,231,212,0
12,1,29,0,4,45,91,0
7,2,6,0,3,6,27,0
16,1,24,0,5,15,56,0
19,4,48,0,10,45,96,1
17,1,23,0,5,105,55,0
20,2,54,0,5,28,97,1
50,3,82,0,11,36,190,0
3,1,23,0,5,1,39,1
3,1,11,0,4,1,15,0
3,2,36,0,10,3,84,1
44,1,82,0,12,10,162,0
84,1,76,0,4,378,156,0
4,1,6,0,4,3,12,0
72,1,151,0,20,105,405,1
14,1,31,0,7,45,104,0
13,1,58,0,6,36,173,0
13,1,32,0,6,10,111,0
14,1,14,0,9,66,45,0
4,1,10,0,6,6,15,0
17,4,34,0,12,10,72,0
165,3,415,0,27,595,1448,1
4,1,4,0,0,6,12,0
8,1,17,0,8,3,54,1
1,1,8,0,2,0,14,0
31,1,109,0,22,105,328,0
8,1,18,0,4,10,39,0
1,1,7,0,3,0,8,0
8,4,7,0,2,6,27,0
25,1,31,2,21,28,83,0
20,1,47,0,9,6,78,0
2,1,3,0,3,1,9,0
19,1,44,0,12,66,114,0
10,1,18,0,4,6,50,0
57,3,96,5,16,66,226,0
727,2,1266,0,3,5886,7509,0
59,1,54,1,49,171,140,0
11,1,22,0,3,10,44,0
23,1,64,0,11,36,220,1
11,1,18,0,6,28,38,0
18,1,36,0,9,28,58,1
55,1,35,0,10,36,135,0
25,2,23,0,6,45,63,0
1,2,3,0,4,1,3,0
3,1,3,0,0,3,9,0
20,3,58,0,30,28,96,0
2,1,2,0,1,1,6,0
3,1,3,0,3,3,10,0
6,1,11,0,2,10,26,0
3,1,10,0,1,0,38,0
5,1,8,0,2,3,25,0
0,1,1,0,2,0,0,0
5,2,7,0,2,10,15,0
10,2,43,0,10,15,124,1
3,1,5,0,0,1,10,0
4,4,4,0,14,6,14,0
35,3,74,0,16,78,230,0
6,1,11,0,2,15,24,0
8,1,9,0,1,6,22,0
46,1,125,0,45,378,226,0
20,1,34,0,9,55,90,0
11,4,10,0,1,15,38,0
15,3,23,0,2,15,61,0
17,1,34,0,3,55,105,0
4,1,7,0,1,6,12,0
20,1,40,0,42,120,75,0
18,2,45,3,20,210,67,0
3,2,4,0,1,6,8,0
16,2,34,5,11,120,60,0
1,1,16,0,5,0,8,0
23,4,52,0,7,36,172,0
3,2,7,0,2,1,12,0
18,1,15,3,9,28,47,0
2,1,7,1,1,1,13,0
5,1,14,0,2,10,48,0
29,1,36,0,29,153,88,0
10,1,14,0,5,28,37,0
3,1,4,0,3,3,12,0
88,1,196,0,42,496,389,0
46,2,41,0,6,120,96,0
51,1,140,0,16,105,260,0
66,2,159,0,15,561,309,0
3,1,11,0,2,3,17,0
8,2,11,4,0,28,20,0
13,3,20,0,8,6,44,0
7,1,8,0,2,10,21,0
5,1,14,0,7,3,32,1
12,1,26,0,2,28,46,0
11,1,24,0,14,15,50,0
2,4,3,0,2,1,7,0
0,1,0,0,0,0,0,0
2,2,5,0,1,1,9,0
12,1,21,0,29,28,47,0
4,4,4,0,1,6,12,0
28,4,73,0,10,36,198,0
38,1,89,0,3,10,103,0
45,2,54,0,10,561,162,0
13,1,14,0,6,66,41,0
3,3,3,0,3,3,11,0
7,1,14,0,4,15,24,0
3,1,3,0,3,3,10,0
3,1,4,0,1,3,8,0
4,2,9,0,4,6,18,0
49,1,51,0,22,561,191,0
7,2,7,0,1,15,23,0
5,1,11,0,2,15,15,0
6,2,10,0,5,10,18,0
3,2,9,2,6,1,13,0
1,3,3,0,1,0,3,0
1,1,1,0,0,0,2,0
7,1,15,0,7,10,25,0
1,1,2,0,0,0,3,0
2,1,2,1,0,1,5,0
7,1,7,0,1,6,22,0
15,1,22,1,5,120,54,0
18,2,25,0,9,15,59,0
21,1,70,0,9,105,265,1
11,1,32,0,5,15,116,0
1,1,2,0,0,0,3,0
7,1,12,0,3,3,44,0
7,1,7,0,1,21,21,0
96,1,116,0,15,28,294,0
3,1,8,0,1,0,66,0
1,1,2,0,0,0,3,0
21,1,14,0,9,45,55,0
15,1,19,0,1,36,69,0
5,1,9,2,1,10,19,0
13,1,13,0,4,3,37,0
2,2,7,0,2,3,12,0
1,1,1,6,0,0,3,0
1,1,2,0,0,0,3,0
10,3,20,0,8,6,39,0
3,1,6,0,1,1,11,0
6,1,7,0,4,10,23,0
1,2,1,0,4,0,3,0
6,1,13,0,3,1,25,0
64,1,104,0,4,253,671,1
3,1,5,0,3,1,7,0
5,1,36,0,16,6,59,1
8,1,13,0,0,15,38,0
10,1,10,0,3,6,42,0
3,2,5,0,2,6,9,0
6,1,12,0,4,10,20,0
4,1,9,2,7,6,33,0
34,2,84,1,12,276,346,0
15,4,39,0,13,36,69,0
2,2,2,0,2,1,7,0
10,3,15,0,3,21,31,0
34,2,88,2,18,78,191,1
10,1,10,0,1,36,32,0
17,2,49,0,8,10,86,1
1,3,1,0,0,0,3,0
46,2,43,0,4,120,93,0
14,1,21,0,10,28,43,0
3,1,4,0,6,3,9,0
7,1,14,0,1,21,25,0
3,1,4,0,0,3,29,0
16,1,29,0,15,66,69,1
13,1,20,0,5,1,64,0
12,1,52,0,12,36,77,0
3,1,5,0,2,1,13,0
8,1,11,0,5,3,26,0
8,1,30,0,10,6,69,0
23,1,36,2,5,45,79,0
34,3,64,1,8,36,165,0
11,2,24,0,7,15,55,0
41,1,182,0,27,190,527,0
7,2,8,0,3,1,31,1
5,3,11,0,2,6,20,0
3,2,5,0,2,6,9,1
22,1,22,0,0,231,75,0
21,3,72,0,10,36,180,0
3,1,9,0,1,0,32,0
81,2,227,0,44,496,374,0
2,1,4,0,1,1,8,0
11,1,29,0,7,21,58,0
4,1,9,0,5,6,18,0
13,2,29,0,3,21,45,0
2,1,3,0,2,1,9,0
3,2,8,0,1,3,11,0
20,1,39,0,12,78,82,0
41,1,69,0,14,210,186,0
1,1,2,0,0,0,3,0
15,1,31,0,10,36,75,1
18,2,43,0,9,28,115,0
1,1,2,0,2,0,4,0
4,4,9,0,5,1,6,0
10,1,26,0,5,3,48,0
7,1,15,0,3,10,24,0
8,1,12,0,2,1,53,0
17,1,28,0,2,15,97,0
16,2,17,0,1,136,64,0
9,3,20,0,6,10,36,0
6,2,14,2,6,10,34,0
156,1,285,0,26,78,512,1
48,1,77,0,14,91,195,0
5,1,15,0,6,15,35,0
8,1,12,0,9,6,30,0
19,1,38,0,2,136,71,0
1,1,2,0,0,0,3,0
4,1,8,0,2,0,18,0
19,1,41,7,74,351,72,0
10,3,18,0,6,6,41,0
15,2,44,0,8,6,65,0
3,1,6,0,3,1,11,0
13,1,25,0,5,45,53,0
17,1,54,1,19,6,99,0
25,2,37,0,6,120,71,1
32,1,64,0,10,55,166,0
23,3,36,0,5,15,106,0
7,3,9,0,3,21,25,0
7,1,8,0,2,28,21,0
1,3,1,0,0,0,3,0
112,1,260,0,259,2080,685,1
6,1,10,0,1,6,23,0
2,1,3,0,2,1,9,1
0,3,15,1,6,105,0,0
2,1,5,0,1,1,15,0
7,1,8,0,2,21,23,0
13,3,24,0,7,3,46,0
14,1,42,0,5,10,79,0
3,2,5,0,1,6,9,0
10,1,19,0,8,21,45,0
7,1,19,0,3,6,34,0
8,1,17,2,4,6,67,0
2,4,3,0,2,1,6,0
3,1,11,0,3,3,12,0
18,1,32,2,6,15,66,0
3,1,4,0,4,3,12,1
8,1,13,0,0,6,30,0
24,1,28,0,6,15,89,0
2,1,8,0,4,1,9,0
3,1,3,0,3,3,10,0
5,1,20,0,7,1,24,0
4,2,6,0,2,6,12,0
4,1,4,0,1,1,11,0
3,2,5,0,1,6,10,0
1,1,2,0,0,0,3,0
15,2,32,0,10,15,60,0
4,2,10,0,6,3,22,0
51,1,112,3,9,276,219,0
1,1,2,2,4,1,3,0
5,1,5,0,0,10,18,0
12,1,12,0,11,28,32,0
6,2,4,0,0,1,16,0
9,3,18,0,6,6,30,0
6,1,11,0,2,3,25,0
17,1,25,0,3,6,54,0
14,1,59,0,15,36,110,0
1,1,8,0,3,0,8,0
1,1,2,0,0,1,6,0
1,1,1,6,0,0,2,0
2,2,31,0,9,0,62,1
4,1,8,0,2,1,13,0
25,1,52,11,25,28,78,0
12,1,9,1,1,15,32,0
29,2,54,0,5,10,142,0
19,1,21,0,0,171,57,0
4,1,3,0,3,1,6,0
1,1,3,0,3,1,3,0
7,1,15,0,147,21,21,0
11,2,28,0,8,15,33,0
1,1,1,0,0,0,3,0
17,3,42,0,12,28,75,0
2,1,3,0,2,1,9,0
0,1,0,0,0,0,0,1
4,1,5,0,2,6,13,0
11,4,21,0,5,28,49,0
8,1,27,0,13,10,41,0
10,1,18,0,4,21,34,0
10,2,15,0,5,1,34,0
4,2,8,0,1,0,13,1
37,2,80,0,22,120,120,0
26,1,60,1,14,105,164,0
3,1,4,0,1,1,10,0
6,1,8,0,3,3,57,0
6,2,16,0,4,10,23,0
14,2,58,0,9,6,98,1
5,1,21,0,3,3,40,1
1,1,3,0,1,0,3,0
15,1,17,0,7,21,47,0
3,2,8,0,2,3,12,0
17,1,42,0,11,15,56,0
1,1,2,0,0,0,3,0
38,1,52,0,24,465,136,0
32,1,90,0,14,28,194,0
1,3,1,0,0,0,3,0
59,1,249,0,34,300,359,0
17,1,32,0,6,66,84,0
18,1,12,0,40,10,51,0
7,2,22,0,9,3,32,0
27,1,55,0,9,153,205,0
37,1,59,2,9,210,106,1
3,1,3,0,1,1,9,0
34,1,70,0,16,136,141,0
13,1,25,0,9,15,70,0
22,1,63,0,16,66,132,1
49,1,67,0,16,465,166,1
4,1,4,0,1,0,23,0
11,3,3,0,0,3,22,0
11,1,34,0,24,36,79,0
9,1,8,0,0,1,26,0
3,1,8,0,1,0,25,0
27,2,112,1,26,28,189,0
15,2,19,0,4,3,80,0
1,3,1,0,0,0,3,0
4,1,7,0,1,6,16,0
85,1,112,0,9,28,263,0
1,2,1,0,0,0,4,0
25,1,94,0,20,136,170,0
31,1,71,0,19,66,143,0
22,1,49,0,2,91,190,0
19,1,59,0,8,91,140,0
11,1,14,0,1,15,33,0
20,1,52,1,10,91,99,0
49,1,46,0,6,120,98,0
24,1,66,0,16,66,161,0
5,1,21,0,3,3,37,0
51,2,54,0,5,231,121,0
38,1,38,1,6,66,82,0
1,1,1,0,1,0,8,0
5,2,8,0,1,6,32,0
4,1,6,0,1,6,13,1
25,3,48,0,13,6,103,0
19,1,37,0,10,36,63,0
11,1,24,0,4,15,48,0
2,1,3,0,3,1,6,0
13,1,38,3,5,55,57,0
24,1,62,0,22,45,100,0
9,1,17,0,7,3,33,0
1,1,2,0,0,0,3,0
5,1,10,0,3,6,17,0
8,2,10,0,3,15,25,0
9,1,9,0,6,3,30,0
7,1,10,0,1,15,18,0
33,1,51,0,11,91,122,0
3,2,4,0,1,3,9,0
27,1,58,0,60,120,115,1
4,1,3,0,0,1,10,0
15,2,34,0,13,6,70,0
69,1,168,0,44,703,385,1
38,1,67,0,15,45,251,1
5,2,7,0,2,15,14,0
17,1,21,0,6,105,58,0
61,2,155,0,19,496,347,1
8,3,9,0,2,15,26,0
11,2,22,0,6,3,37,0
5,1,18,0,4,10,34,0
25,1,22,0,4,45,78,0
26,2,75,0,6,21,197,0
3,1,2,0,4,1,38,0
10,1,29,0,11,1,51,1
108,2,223,2,23,1830,505,0
2,1,3,0,1,1,6,0
1,1,2,0,0,0,3,0
2,1,3,0,0,1,7,0
16,1,42,0,6,3,108,0
4,2,5,0,1,6,12,0
2,1,3,0,1,1,6,0
3,1,8,0,2,0,24,0
63,1,49,0,9,21,217,0
26,1,98,0,26,120,258,1
14,1,15,0,8,1,31,0
16,3,71,0,14,36,126,0
11,2,19,0,3,3,45,0
7,1,14,0,4,15,29,0
2,1,4,1,3,1,6,0
17,1,27,0,3,105,51,0
48,1,65,0,5,28,228,0
115,1,137,0,38,3160,345,0
24,1,74,0,15,10,137,1
7,1,19,0,2,3,23,0
1,2,2,0,1,1,3,0
32,1,41,0,6,21,186,0
15,1,28,0,13,36,54,1
54,1,86,2,9,231,404,1
7,5,11,0,3,10,21,0
1,1,1,0,0,0,3,0
5,1,6,0,2,6,14,0
4,1,3,0,1,0,31,0
53,2,197,0,23,136,672,0
1,1,4,0,3,1,4,0
26,2,40,0,3,171,97,0
8,1,14,0,3,10,25,0
26,2,17,0,2,10,95,0
39,3,35,0,2,91,82,0
29,1,79,0,27,136,159,1
83,1,106,3,39,36,238,1
33,1,112,0,37,325,211,1
23,1,62,0,18,120,147,1
7,1,21,0,11,15,32,0
32,3,57,0,11,15,115,0
10,2,44,0,14,15,61,0
1,1,2,0,0,0,3,0
7,2,8,0,0,21,21,0
7,1,5,0,0,1,22,0
103,1,218,0,38,351,488,1
7,1,31,0,10,21,100,0
1,1,3,0,1,0,4,0
0,1,20,2,6,190,0,0
4,1,4,2,0,6,8,0
6,1,17,1,3,10,57,0
1,1,4,0,2,0,8,0
5,1,8,1,2,6,17,0
22,1,54,0,12,21,123,1
10,1,16,0,3,15,47,0
13,3,32,0,8,6,62,0
4,1,11,0,5,0,27,0
3,1,6,0,1,1,12,0
7,1,10,0,1,21,22,0
4,2,11,1,3,1,14,0
9,1,36,0,10,6,55,0
2,1,4,0,2,1,6,0
3,1,5,0,2,1,13,0
5,2,13,0,4,10,21,0
2,2,7,0,5,0,12,0
11,4,10,0,1,15,38,0
5,1,7,0,1,15,15,0
36,1,92,0,32,325,209,1
10,1,33,0,4,15,55,0
62,1,107,0,31,153,257,1
6,2,11,0,3,10,27,1
12,1,18,0,4,15,36,0
11,1,28,0,6,28,50,0
8,4,12,0,2,28,28,0
9,1,10,0,3,6,24,0
26,1,73,0,20,36,291,0
61,1,108,0,12,630,326,0
17,2,30,0,6,3,49,0
6,2,7,0,1,1,18,0
5,2,9,0,5,3,18,0
5,1,13,0,4,0,41,0
5,2,23,1,3,10,34,0
10,1,25,0,4,28,35,0
15,1,23,0,2,15,65,0
10,2,18,0,8,28,31,0
124,1,172,1,14,78,565,0
0,1,2,3,2,1,0,0
7,1,10,0,2,1,12,0
10,1,22,0,5,1,51,0
6,2,6,0,2,15,19,0
5,1,5,3,5,6,14,0
7,1,3,0,0,1,28,0
1,3,2,0,1,0,3,0
10,1,30,0,3,21,71,0
0,1,0,0,0,0,0,0
4,1,5,2,1,10,12,0
9,1,14,0,2,10,41,0
13,2,18,0,3,55,41,0
16,1,42,0,6,3,82,0
2,1,3,0,2,1,9,1
3,2,5,0,2,6,9,1
6,2,29,0,10,15,48,0
50,2,57,0,13,45,142,0
34,1,83,1,2,171,212,0
7,1,8,1,3,3,25,0
21,1,51,0,13,36,127,0
25,1,29,0,3,28,134,0
2,1,5,0,2,0,9,0
4,2,8,0,3,6,13,0
33,1,83,1,3,78,127,0
3,1,5,0,2,3,11,0
11,2,23,0,8,15,33,0
3,2,5,0,6,6,11,0
20,1,26,0,9,15,55,0
8,3,20,1,7,6,37,0
5,1,7,0,1,0,20,0
23,1,68,0,9,136,106,0
11,2,42,0,3,15,64,0
1,1,2,0,0,0,3,1
133,1,354,0,47,903,822,1
3,2,5,0,1,6,9,0
100,1,119,0,10,153,345,0
11,3,10,0,1,15,38,0
21,1,21,0,3,210,62,1
1,1,2,0,0,0,3,1
3,2,5,0,1,6,9,0
39,3,136,0,24,231,322,1
28,1,43,0,11,91,107,0
4,1,6,1,8,6,13,0
21,1,56,0,43,120,96,1
5,1,9,0,1,6,22,0
24,3,60,0,10,28,106,0
10,3,18,0,6,3,41,0
3,2,6,0,3,6,12,0
6,2,10,1,3,15,22,0
77,1,135,0,29,325,273,1
13,2,22,0,6,3,33,0
12,1,10,0,0,21,43,0
1,2,1,0,0,0,3,0
7,1,11,0,5,15,38,0
31,1,48,0,8,28,130,1
8,1,8,0,2,1,45,0
7,2,7,0,3,21,21,0
6,1,10,0,1,3,28,0
33,1,45,0,5,45,130,0
4,1,18,0,6,6,19,0
105,1,321,0,101,990,519,0
6,1,16,0,5,10,74,1
7,1,11,0,4,3,22,1
0,1,3,1,1,3,0,0
0,1,0,0,0,0,0,0
2,1,3,0,3,1,9,1
45,2,84,0,17,153,132,1
22,1,40,0,9,6,95,0
1,1,2,0,0,0,3,0
13,2,17,0,6,10,27,0
2,1,3,0,2,1,9,1
1,3,2,0,1,0,3,0
9,2,10,0,3,21,31,0
64,1,124,0,38,300,218,0
3,1,14,0,10,1,21,0
1,1,2,0,0,0,3,0
13,3,22,0,6,6,47,1
0,1,5,5,1,10,0,0
9,3,20,0,4,15,57,0
23,5,36,0,7,15,79,0
3,1,14,12,52,91,9,0
8,2,53,0,10,6,126,0
2,2,7,0,2,3,12,0
11,3,3,0,0,3,17,0
12,1,71,0,17,28,108,0
4,1,6,1,1,10,11,0
1,1,2,1,1,1,3,0
57,3,124,0,11,28,199,1
4,2,21,0,5,3,31,1
8,4,13,0,6,3,29,0
59,1,145,0,6,1081,206,0
14,1,20,0,2,45,67,0
3,2,5,0,2,6,9,0
6,1,15,0,2,0,27,0
20,1,33,0,14,91,74,0
3,1,12,0,2,1,19,0
22,2,27,0,6,55,75,0
1,1,1,0,1,0,3,0
46,1,40,0,2,120,92,0
30,3,63,0,12,21,114,0
60,1,99,0,107,561,202,0
12,2,22,1,1,28,53,0
22,1,36,0,5,28,50,0
14,1,17,0,14,78,43,0
5,1,22,0,5,0,46,0
20,1,47,0,5,120,89,0
3,2,41,0,14,3,101,0
10,1,13,0,4,3,34,0
29,3,51,0,8,55,192,0
1,1,3,0,0,1,6,0
0,1,0,0,0,0,0,0
2,1,8,0,2,1,14,0
35,1,59,1,3,253,107,0
39,1,91,0,12,210,272,0
2,1,3,0,2,1,9,1
3,2,5,0,2,6,9,0
5,2,5,0,3,10,15,0
3,1,6,0,1,1,13,0
39,1,34,1,4,91,81,0
1,1,3,0,4,0,3,0
1,1,2,0,0,0,3,0
22,1,54,0,21,66,107,0
6,1,6,0,4,15,20,0
8,1,9,0,8,28,29,0
16,1,20,0,6,45,49,0
64,1,82,0,18,325,169,0
3,1,12,0,1,3,17,0
3,1,6,0,2,1,11,0
25,1,47,0,9,28,103,1
90,1,135,0,8,153,335,0
12,2,41,0,7,21,107,0
62,2,126,0,40,496,365,0
67,3,61,0,5,231,126,0
7,3,15,0,7,3,35,1
27,1,13,0,8,15,77,0
23,1,27,0,12,21,59,0
1,1,2,0,0,0,3,0
13,1,44,0,18,15,100,1
8,2,21,0,8,3,50,0
5,2,12,1,8,3,30,0
6,1,11,0,2,3,27,0
7,1,16,0,4,3,27,0
16,2,32,0,1,120,51,0
3,3,8,0,3,1,11,0
15,4,31,3,8,28,60,0
12,1,21,0,4,36,35,0
79,2,233,0,30,378,728,1
6,2,9,0,2,15,18,0
34,2,109,0,24,136,431,1
1,1,2,0,1,0,8,0
9,1,15,0,5,3,23,0
1,1,5,0,2,1,4,0
20,1,23,0,6,45,62,0
16,1,30,0,7,105,61,0
1,1,2,0,0,0,3,0
27,2,37,0,11,10,98,0
7,1,12,0,5,0,37,0
18,1,18,0,12,120,57,0
31,1,87,0,20,136,377,1
6,1,3,0,2,1,22,0
5,1,12,0,7,3,22,0
10,1,27,0,10,10,42,0
12,1,39,0,11,6,63,0
3,1,7,0,3,3,10,0
11,1,12,0,4,28,33,0
2,1,3,0,1,1,10,0
7,2,8,0,6,21,23,0
22,1,42,0,9,36,65,0
14,1,27,0,5,6,60,0
5,1,11,0,5,10,27,0
39,1,42,0,4,6,95,0
5,1,9,4,14,28,14,0
12,2,13,0,3,3,35,0
20,1,38,0,4,66,197,0
3,1,4,0,1,0,10,0
24,1,70,1,12,55,214,0
6,2,7,0,3,21,18,0
12,1,22,0,6,36,43,0
15,1,26,0,15,21,55,0
25,1,62,0,15,91,101,0
1,2,1,0,0,0,3,0
41,1,44,0,12,21,102,0
1,2,3,0,2,1,3,0
3,1,7,0,2,1,14,0
17,3,67,0,15,36,119,0
16,1,49,0,23,36,117,0
7,1,12,0,4,3,22,0
5,1,5,0,2,3,22,0
5,1,8,1,0,21,15,0
9,3,18,0,6,6,31,0
7,1,42,0,13,3,64,0
12,1,27,0,6,36,59,0
3,5,3,0,2,3,9,0
1,1,1,0,0,0,2,0
19,2,39,0,13,105,104,0
5,1,18,0,5,6,27,0
26,2,29,0,7,78,76,0
3,2,5,0,2,6,9,0
61,2,164,1,23,465,263,0
13,1,20,5,7,10,44,0
5,1,7,0,6,10,15,0
14,1,40,0,7,1,58,1
18,1,54,0,6,66,199,1
5,1,9,0,2,1,19,0
2,1,3,0,1,1,9,1
1,3,1,1,1,0,3,0
4,2,6,0,1,6,16,0
2,1,6,0,0,1,18,0
80,2,174,2,7,351,388,0
5,1,42,2,21,6,80,0
0,1,1,6,3,0,0,0
2,1,9,0,3,3,28,0
86,4,226,0,20,561,568,0
3,1,12,0,2,0,19,0
6,1,20,0,4,15,23,0
4,1,10,0,4,3,12,0
14,1,32,0,4,15,77,0
10,1,15,0,3,15,120,1
0,1,0,0,0,0,0,0
4,1,12,0,3,1,19,0
41,2,42,0,3,153,101,0
1,1,2,0,0,0,3,1
21,1,52,0,12,6,63,0
10,1,15,0,4,15,35,0
45,1,102,1,72,276,191,0
1,1,2,0,0,0,3,0
25,1,18,0,2,21,54,0
23,2,74,0,13,28,128,1
19,2,42,0,7,190,57,0
8,1,11,5,9,21,31,0
12,1,17,0,2,45,36,0
3,2,4,0,3,3,9,0
72,2,108,0,5,561,217,0
9,1,21,0,2,36,68,0
14,1,50,0,20,45,76,0
8,2,44,0,11,15,133,0
29,1,55,3,8,78,115,0
4,2,6,0,2,3,13,0
10,1,20,0,3,36,42,1
27,3,53,0,37,153,134,0
91,1,249,3,28,1378,299,1
30,3,75,0,12,136,184,0
2,1,3,0,2,1,9,1
6,1,3,0,1,3,15,0
4,1,7,0,0,6,12,0
10,2,11,0,8,55,30,0
18,1,55,0,13,10,92,0
16,1,20,0,5,15,38,1
29,2,106,0,18,28,110,1
7,1,19,0,3,6,34,0
17,1,22,0,6,10,62,0
18,2,34,1,10,66,68,0
2,1,3,0,3,1,9,1
22,1,23,13,9,253,87,0
353,1,902,0,60,666,1550,1
1,1,8,1,6,28,3,0
15,1,32,0,11,78,58,0
7,2,9,0,4,3,19,0
14,1,38,0,5,36,124,0
24,1,35,15,20,105,73,0
0,1,2,2,1,1,0,0
7,1,30,0,6,10,115,0
24,3,34,2,32,120,71,0
15,2,15,40,35,36,39,0
15,1,63,0,15,10,87,0
1,1,2,0,0,0,3,0
1,1,1,0,0,0,3,0
4,1,7,2,13,15,12,0
1,1,2,0,0,0,3,0
7,2,27,0,6,10,105,1
39,1,166,0,19,210,484,0
5,1,9,0,1,10,15,0
21,1,44,0,10,28,196,1
3,1,3,0,6,3,9,0
38,2,164,0,33,91,248,0
20,1,70,0,9,55,119,0
4,1,6,0,0,6,13,0
2,2,3,0,2,3,6,0
4,1,6,0,8,6,14,0
1,3,1,0,0,0,3,0
25,1,52,0,17,253,121,0
5,1,27,0,16,6,50,0
2,2,5,0,3,1,9,0
8,1,28,0,10,3,115,0
19,1,31,0,9,171,62,0
12,1,36,0,13,66,36,0
11,3,36,0,11,36,122,1
15,1,8,0,2,1,100,0
10,2,21,0,3,45,34,0
26,1,7,0,8,6,109,0
5,2,10,0,2,6,23,0
5,1,46,0,5,3,78,0
5,1,7,0,2,1,44,0
4,1,6,0,4,6,21,0
3,1,3,0,3,3,11,0
14,1,31,0,5,36,95,0
3,2,5,0,4,3,9,0
18,2,67,5,18,55,134,1
4,3,7,3,4,1,16,0
75,3,180,0,19,325,398,0
62,1,160,0,39,496,233,0
19,1,24,0,14,21,54,0
33,3,54,1,19,78,93,0
11,1,15,0,1,45,33,0
6,1,16,0,6,6,106,1
86,1,134,0,13,325,461,0
1,1,2,0,0,0,3,0
9,2,14,0,7,1,29,0
48,1,128,0,10,10,208,0
23,2,39,0,8,45,80,0
354,1,727,2,49,7021,3026,0
28,1,29,0,3,253,81,0
23,1,32,0,4,21,88,0
3,1,13,0,7,1,15,0
3,1,10,0,6,1,9,0
4,3,4,0,4,6,14,0
12,3,28,0,11,6,45,0
49,1,92,0,10,78,151,0
3,1,13,0,2,0,35,0
13,1,34,0,3,45,99,0
1,1,2,0,0,0,3,0
33,1,125,0,28,28,213,0
7,1,9,0,2,3,38,0
13,3,12,0,2,6,24,0
8,1,6,0,2,1,20,0
3,2,5,0,2,6,9,0
3,1,5,0,3,0,40,0
40,2,29,0,3,3,109,0
24,2,71,0,15,91,241,1
5,1,19,1,5,3,29,0
6,1,13,0,15,1,31,0
77,2,304,0,30,120,399,1
10,1,30,0,9,21,72,0
10,1,20,0,1,10,54,0
6,2,15,0,6,10,21,0
1,1,2,0,0,0,3,0
3,1,7,0,4,1,16,0
6,2,18,0,6,1,31,0
18,1,23,0,3,36,121,0
84,1,159,0,7,120,452,0
16,1,38,0,16,21,61,0
8,1,7,0,1,10,27,0
9,1,17,0,5,6,31,0
7,2,10,1,4,21,21,0
10,3,27,0,10,6,50,0
10,1,11,0,3,45,34,0
15,4,15,0,2,28,46,0
1,1,2,0,0,0,3,0
11,2,59,0,10,21,157,1
11,1,37,0,1,55,329,0
28,2,29,0,6,45,65,0
13,1,15,0,12,15,45,0
1,2,1,0,1,0,3,0
3,3,8,0,3,1,13,0
12,1,12,0,6,66,40,0
12,2,23,0,8,10,40,0
3,1,5,0,1,1,11,1
6,1,10,0,4,0,22,0
1,1,1,0,0,0,2,1
5,1,13,0,0,10,71,0
1,1,8,0,2,0,75,1
5,2,11,0,3,1,17,0
11,1,17,0,1,36,36,0
10,3,18,0,6,6,42,0
17,1,41,0,7,15,79,0
23,1,15,0,4,21,105,0
50,3,104,0,8,703,197,0
1,1,1,0,0,0,2,1
1,1,2,0,0,0,3,0
45,2,80,0,7,55,226,0
3,1,3,3,3,3,9,0
1,1,4,0,1,0,6,1
26,1,68,0,2,105,122,0
4,1,6,0,0,6,13,0
25,3,23,4,6,45,60,0
7,2,12,0,3,21,21,0
8,3,28,0,10,6,40,0
11,1,21,0,5,1,56,0
1,1,2,0,0,0,3,1
22,2,47,0,12,78,99,0
21,3,83,0,17,66,324,1
10,2,30,0,11,10,48,0
4,1,12,0,3,3,35,0
1,1,2,0,0,0,3,0
2,1,2,0,1,1,7,0
5,2,8,0,1,6,19,0
5,1,6,1,2,15,15,0
18,4,17,0,2,28,49,0
21,1,24,0,4,1,46,0
12,3,16,0,5,6,24,0
6,1,7,0,1,21,16,0
20,1,78,1,12,21,99,1
5,1,8,2,4,15,17,0
15,1,27,0,7,6,60,0
10,1,25,0,11,10,45,0
29,1,20,0,7,190,78,0
12,1,21,1,9,136,42,0
3,1,5,0,1,0,12,0
1,1,4,0,1,0,6,1
48,1,129,5,69,496,194,0
11,3,10,0,1,15,38,0
13,1,52,0,9,15,95,0
6,2,9,0,2,3,19,0
2,3,37,0,12,0,76,1
73,2,101,0,19,136,286,0
9,4,12,0,4,36,29,0
19,2,41,0,9,28,74,1
33,2,39,0,17,66,107,1
3,3,7,0,5,3,14,0
9,2,23,0,4,10,30,0
34,1,50,0,4,28,144,0
5,3,15,0,6,3,15,0
2,1,6,0,4,0,10,0
6,1,13,0,6,1,22,1
5,2,7,0,2,10,15,0
1,1,2,0,0,0,3,0
5,2,5,0,4,10,15,0
21,2,25,0,2,210,79,0
2,1,2,2,1,1,5,0
3,1,6,0,0,3,12,0
32,1,55,0,4,153,125,0
25,1,28,0,4,36,115,0
35,1,104,0,14,153,575,1
7,1,18,0,6,1,38,0
2,1,2,0,2,1,6,0
14,2,14,0,0,91,48,0
5,1,8,0,1,10,14,0
7,1,24,0,12,3,50,1
3,2,4,0,2,3,11,0
9,3,18,0,3,10,35,0
0,1,2,8,14,1,0,0
18,1,32,2,9,55,63,1
37,2,36,2,11,105,106,0
27,1,52,0,13,105,91,0
